1.7845171383783651,1.438,1.324,0.907,1.438,2.839,1.3964393049449355,1.3964479232116718,1.9500668022421912,9.111735043262525,9.392,9.55,8.854,9.392,9.55,0.7266557664166318,0.7266602510463599,0.5280351204507587,0.14558414900576425,0.663,0.706,-2.245,0.663,1.482,2.3707155145305396,2.370730145641672,5.620361423454184,0.002959820580865746,0.000361,0.003404,-0.004868,0.000361,0.024725,0.21123640071449926,0.21123770438136064,0.0446213677523071,-0.004352170618512166,0.000139,0.004616,-0.016257,0.000139,0.015553,0.23988866123280672,0.23989014172999856,0.0575472800992388,0.004536900786254736,-0.000259,0.00131,-0.009064,-0.000259,0.004993,0.20731298060124498,0.20731426005432138,0.042979202421870796,12.609662725362996,14.471161,15.441168,8.221161,14.471161,16.711163,6.5349080067142715,6.534948337561519,42.70554977459807,-30.72687583451621,-31.03931,-31.32931,-32.599308,-31.03931,-29.479307,2.862398070906667,2.8624157364865406,8.193423848485786,-5.9486215609447655,-9.400511,-10.47051,-12.810516,-9.400511,5.739486,10.316297745584352,10.316361413661717,106.42731281728837
-1.4714175853856162,-1.405,-1.434,-1.649,-1.405,-1.082,0.8023485132370628,0.8023534384457761,0.6437710401857598,5.507304147125986,5.6,5.686,5.327,5.6,5.858,0.8165927366564585,0.8165977493032017,0.6668318841670546,7.667464961818941,7.702,7.666,7.386,7.702,7.996,0.9212545737241384,0.9212602288365724,0.8487204092360138,0.0012760895229209125,0.00079,-0.000904,-0.00486,0.00079,0.020938,0.15602666200353624,0.15602761977171617,0.024344618131627235,0.0019938077319714203,0.000326,0.002822,-0.008666,0.000326,0.015075,0.17112397541838217,0.1711250258612768,0.02928377447602266,-0.001687768445994059,0.0006895,-0.004313,-0.004982,0.0006895,0.02846,0.1996551656178879,0.1996563911992221,0.039862674546696814,-16.81366047905284,-17.399384,-17.599392,-18.569397,-17.399384,-16.329384,3.864718893927664,3.8647426174678174,14.936235499271996,-22.399746732751,-22.230997,-22.230997,-23.300999,-22.230997,-21.350998,2.605466639389071,2.6054826330212424,6.788539750975307,-38.97139265813834,-39.161217,-39.451206,-40.041195,-39.161217,-37.991203,2.249456337562953,2.249470145829275,5.060115936977179
0.23227157992424158,0.153,-0.141,-0.378,0.153,0.928,1.2507488597651615,1.2507500158743454,1.5643756022096753,8.017813994760884,9.105,9.637,6.318,9.105,9.529,1.7608000971226383,1.7608017246893135,3.100422713668861,3.8138193706775914,2.703,7.113,1.137,2.703,7.012,3.0718869000532383,3.071889739501485,9.436506571654503,0.0002961646993794037,0.001148,0.001055,-0.035256,0.001148,0.058054,0.20758925086921318,0.2075894427509307,0.04309337674164193,-0.0021877918126341433,-0.000103,-0.000703,-0.056741,-0.000103,0.052333,0.20396151590356457,0.2039617044320448,0.04160037687482481,0.0008318322614159666,6.1e-05,0.000294,-0.028608,6.1e-05,0.030422,0.16517906165427645,0.16517921433483154,0.02728417284827222,-1.2419948925278683,10.704041,15.4840355,-22.31704,10.704041,15.58404,19.795452817029016,19.79547111463099,391.86067665018976,-26.988247266152793,-28.721098,-30.381096,-30.681097,-28.721098,-23.554817,4.957101580640985,4.957106162656486,24.572901507846915,-19.196191015142624,-12.924457,-33.660686,-33.4607,-12.924457,-8.234477,12.782151120438833,12.782162935410467,163.38368930738113
0.2574807400367797,0.153,-0.141,-0.213,0.153,0.591,0.8952831062736555,0.895284947902717,0.8015351379411707,9.383073518219106,9.507,9.637,9.292,9.507,9.637,0.5474713887131087,0.5474725148811473,0.2997261545502881,1.366169671986144,1.187,0.397,0.447,1.187,2.135,1.4826404232307657,1.482643473074633,2.19823166825081,0.0017742066820532446,0.001848,0.003779,-0.035776,0.001848,0.071044,0.22203170211989048,0.22203215884696634,0.049298279562244494,-0.004953406900921138,-0.000232,-5.4e-05,-0.072974,-0.000232,0.0607685,0.21961158674596432,0.21961203849477712,0.04822944745183147,-0.00017241044312520248,-0.00038,-0.002595,-0.02577,-0.00038,0.021822,0.1622172928909044,0.1622176265776218,0.026314558372476746,14.532247725888237,15.384043,15.4840355,12.554037,15.384043,17.244041,4.136079554882647,4.136088062944796,17.107224464434434,-30.170457069595464,-30.481096,-31.751097,-31.851095,-30.481096,-29.111095,2.4896813095823545,2.489686430944995,6.198538524431629,-8.811126999450362,-8.524466,-8.33447,-10.974455,-8.524466,-6.384468,4.272853162844433,4.272861952254738,18.25734926302617
-0.23396931618456288,-0.083,0.39,-1.412,-0.083,0.72,1.4447763354751435,1.4447793019758772,2.0873872314179027,5.780897596051182,5.858,6.268,5.47,5.858,6.246,0.8013032913924474,0.8013049366760414,0.6420896015413947,7.47092342186961,7.472,7.53,7.084,7.472,7.838,0.8152310630062637,0.815232736887187,0.6646044152925734,-0.0008852591451896382,0.000421,-0.001852,-0.004888,0.000421,0.016697,0.16637594302798447,0.16637628464096976,0.027681068090932986,-0.0009470627802690586,0.000108,0.000836,-0.006534,0.000108,0.012046,0.14316623405418252,0.1431665280116124,0.020496654742899797,0.0005568087435733171,0.00030849999999999996,0.003558,-0.00498,0.00030849999999999996,0.01599,0.15834875718187436,0.15834908231296405,0.025074431869357865,-24.170355967321576,-25.253178,-27.21317,-28.87318,-25.253178,-18.423176,6.67365774389647,6.67367144664762,44.537890577799736,-26.603220516955854,-26.969368,-26.77937,-28.919369,-26.969368,-24.529367,4.400667108450654,4.400676144162192,19.365950525798223,-42.22011784289739,-42.130554,-41.93057,-43.790565,-42.130554,-40.570557,2.552244575406034,2.5522498158264497,6.5139791223861465
0.16109600569860702,0.074,0.045,-0.177,0.074,0.375,0.6428817827142763,0.6428834787999845,0.41329916731397015,8.740207392359647,8.731,9.004,8.509,8.731,9.004,0.6091205549057006,0.6091221619207001,0.37102980814294767,3.5126274008020264,3.787,3.881,3.17,3.787,4.319,1.5620447550498495,1.5620488761213371,2.4399966913919324,-0.0008219254854368935,0.000447,0.001658,-0.013169,0.000447,0.031095,0.1763010975945763,0.17630156272172723,0.03108224101812312,-0.0010218692433516254,-0.000168,0.004705,-0.030323,-0.000168,0.02056425,0.14839105100231667,0.14839144249566363,0.02202002020594385,-0.0007631020683832842,-0.000422,-0.003602,-0.014228,-0.000422,0.007154,0.09208593912615871,0.09208618207229513,0.00847986492865189,-11.173164352406332,-10.953522,-10.373521,-12.813532,-10.953522,-9.683525,3.5386276023438534,3.5386369381437848,12.52195137999562,-36.06781627462537,-36.53459,-37.40142,-37.40142,-36.53459,-35.16142,1.9188757747389735,1.918880837221478,3.6821036674558005,0.4830350143272796,-0.80366135,-0.80366135,-2.9824972,-0.80366135,1.1382341,6.704672709586489,6.704690398218935,44.95287333596919
-1.18726714832442,-1.146,-1.218,-1.434,-1.146,-0.873,0.6580384085573979,0.6580424444515052,0.43301985869971227,4.838051052450813,4.91,5.047,4.587,4.91,5.147,0.7327413436995299,0.7327458377631481,0.5369164627592177,8.202066961876257,8.198,8.119,7.939,8.198,8.492,0.7737535746743707,0.7737583202750102,0.5987019381948053,-0.0010796025832883567,0.00025,0.002368,-0.004484,0.00025,0.006224,0.13193499510000886,0.13193580428631524,0.01740705645267688,-0.0002400604852558741,0.000407,-0.001959,-0.004585,0.000407,0.009489,0.14645567972884785,0.1464565779737027,0.021449529231767264,-0.0018091675212207447,-1.3e-05,-0.00091,-0.004796,-1.3e-05,0.005313,0.141415770943693,0.14141663827768022,0.019998665581760253,-19.36552231028556,-19.664394,-19.864391,-20.844387,-19.664394,-18.494379,2.8575417241044683,2.857559250035562,8.165644867463804,-23.73255884287572,-23.498693,-23.208693,-24.278692,-23.498693,-22.718695,2.530885476878777,2.530900999355352,6.405459868537919,-33.36388652260685,-33.399128,-33.399128,-34.18913,-33.399128,-32.719135,1.6992119170296038,1.6992223386695473,2.887356556233606
1.4041222404580622,1.395,1.28,1.144,1.395,1.654,0.4414592197670716,0.4414619436049822,0.1948886476514885,7.2674263607981535,7.618,8.092,6.663,7.618,7.905,0.8923722109419973,0.8923777169483275,0.7963379897059093,5.890793514073818,5.648,5.447,5.116,5.648,6.682,1.121978586126308,1.1219855088219297,1.2588514820064045,-0.000636291237336032,3e-06,0.001625,-0.004118,3e-06,0.004204,0.13546461558593556,0.13546545141320784,0.01835088852658418,-0.0003833921171810404,-0.000113,-0.001346,-0.004109,-0.000113,0.003969,0.06751980955210508,0.06752022615461047,0.0045589809399697425,0.0004524552611769931,0.000171,-0.004429,-0.003893,0.000171,0.0041945,0.06962845373445456,0.06962888334745945,0.004848181396214115,-34.63853067015067,-34.616055,-34.126057,-35.58606,-34.616055,-33.73605,1.4778476015080806,1.4778567199433583,2.1840604846817415,-27.285145096259736,-28.18486,-29.064861,-29.354862,-28.18486,-26.424862,3.2647997800259407,3.26481992409591,10.659049136773623,-23.92376590548762,-23.270344,-22.970343,-25.32034,-23.270344,-22.000336,3.240401166261903,3.240421159790517,10.500329292818119
-0.07519560433761648,0.239,0.39,-1.391,0.239,0.972,1.5415129745385323,1.5415170417638704,2.376274790048434,5.7073071159072315,5.801,6.268,5.356,5.801,6.203,0.8551760901885805,0.8551783465392697,0.7313300043896392,7.503859433788028,7.508,7.53,7.099,7.508,7.889,0.8580778133615057,0.8580800773682848,0.7363014191763617,-0.00143660360412654,0.000393,-0.001852,-0.006497,0.000393,0.021087,0.1818898851092866,0.18189036501906466,0.03308410488676858,-0.0015273323184084853,3e-05,0.000207,-0.010636,3e-05,0.012869,0.14818920065566657,0.14818959164742707,0.021960155072631184,-7.833165351838276e-06,0.000281,0.003558,-0.007492,0.000281,0.01767,0.16938424564516075,0.16938469255926858,0.02869117407339794,-24.81869098880916,-27.01317,-27.21317,-29.94318,-27.01317,-18.223179,7.17254097705657,7.172559901542371,51.44561554121351,-26.23054585518071,-26.479366,-27.069366,-28.829369,-26.479366,-23.549366,4.81581784755552,4.815830553913946,23.192223924011106,-42.02068240008443,-41.93057,-41.93057,-43.500553,-41.93057,-40.37057,2.596249512209363,2.596256362318298,6.740547098878241
-0.11679580183268995,-0.134,-0.04,-0.859,-0.134,0.548,1.0983811133012567,1.0983833710381845,1.206446029773206,6.010358953171441,6.074,6.268,5.628,6.074,6.469,0.7728874307879698,0.7728890194683216,0.5973574364147036,7.36069808714527,7.379,7.379,6.933,7.379,7.802,0.7843500970854296,0.7843517093274439,0.615207603924883,0.0003548635595624244,0.000238,-0.003814,-0.004045,0.000238,0.004487,0.1139083404776464,0.1139085746177491,0.012975163371447315,-0.00021948033496540533,0.000123,0.003662,-0.00425,0.000123,0.004429,0.11134996051417509,0.1113501893954939,0.012398864678412362,0.0007601522801738133,0.000241,-0.003107,-0.004052,0.000241,0.004535,0.10261069494000799,0.10261090585765065,0.010528998000927643,-24.393970140288758,-24.432337,-22.254026,-30.464018,-24.432337,-20.894028,6.304642810724911,6.3046557700017205,39.74868437821599,-33.37268998078509,-33.594315,-33.794315,-34.764317,-33.594315,-32.324314,2.8013205389643283,2.801326297115803,7.847429022912538,-32.41975179872064,-32.71128,-30.258083,-34.471287,-32.71128,-30.358076,3.809285326237425,3.809293156273872,14.510714350434956
0.11382481782681528,0.002,-0.04,-0.672,0.002,0.706,1.0357956289303671,1.035798365622699,1.0728782542266546,6.0633584597580885,6.153,6.268,5.643,6.153,6.562,0.8075622473531713,0.8075643810264058,0.652160229502562,7.316842974376858,7.336,7.271,6.84,7.336,7.802,0.8213023777280831,0.8213045477043377,0.6745411600798268,0.0005070796859064805,0.00025,0.004775,-0.004185,0.00025,0.004632,0.1216467974648193,0.12164711886978427,0.014798021529319423,-7.23779426451698e-05,0.000111,0.001527,-0.004369,0.000111,0.004548,0.11517518931758271,0.11517549362380745,0.01326539433148771,0.0008384629867419135,0.000249,0.004126,-0.004176,0.000249,0.004696,0.103962054173252,0.10396232885307156,0.010808165820554197,-26.330743419111414,-26.872337,-22.254026,-30.98234,-26.872337,-22.454023,5.326423754696745,5.326437827726829,28.370939932639295,-33.062832178310394,-33.404316,-33.794315,-34.4504,-33.404316,-32.034313,2.97181702094599,2.971824872831658,8.8317430747809,-32.74981238753348,-33.20128,-33.20128,-35.061275,-33.20128,-30.571281,4.14266740275319,4.14267834816153,17.16178389632634
0.5335516478993637,0.483,0.476,0.002,0.483,0.986,0.8012395548792266,0.8012416688199534,0.641988211853384,9.086489520563125,9.17,9.234,8.99,9.17,9.292,0.44228945774650563,0.442290624655568,0.19562099665821256,2.7304008516521208,2.609,2.537,2.207,2.609,3.126,0.9559842712424387,0.9559867934520235,0.913910749254682,-0.0007047272338719034,0.000353,-0.003145,-0.00471125,0.000353,0.012163,0.15293278273358038,0.15293318622194524,0.023388559447996185,-0.0011477985425878824,-0.0002385,0.0,-0.013603,-0.0002385,0.004991,0.17008541047844358,0.17008585922123726,0.028929199507026535,0.0006109752313813228,-0.000194,0.0,-0.007144,-0.000194,0.004889,0.16578957783683274,0.16579001524576809,0.027486329155192012,8.575690247107856,9.276855,11.036861,6.399834,9.276855,11.089838,3.860406881174339,3.8604170662323263,14.9028199252578,-32.6126160792448,-32.509487,-32.119484,-34.244976,-32.509487,-31.339487,2.379153612577091,2.379159889588362,5.660401780226108,-27.389109878649272,-29.9317,-28.951681,-32.66169,-29.9317,-18.229198,8.391461419283427,8.391483558794567,70.41699631751953
0.3192767824497258,0.239,0.225,-0.155,0.239,0.663,0.9272905959887165,0.9272927418564294,0.8598718290996147,9.354092620276305,9.478,9.622,9.256,9.478,9.629,0.5719606686857247,0.5719619922750475,0.3271405206072415,1.460886302732974,1.331,1.122,0.519,1.331,2.243,1.5288804199870962,1.5288839580097446,2.3374861570595424,0.0020445740818735105,0.002087,-0.001588,-0.036615999999999996,0.002087,0.074704,0.2307762533810552,0.23077678742649163,0.05325792561489211,-0.005343445504824937,-0.000322,-5.4e-05,-0.077453,-0.000322,0.063432,0.2280952253802149,0.22809575322141348,0.05202767263764396,1.8384240853447615e-05,-0.000353,-0.002595,-0.028858,-0.000353,0.025162,0.17150668080790754,0.17150707769605725,0.02941467769984142,14.111542547163712,14.904034,15.4840355,12.164032,14.904034,16.654037,4.189269904433894,4.1892795989342675,17.550063558046855,-30.161338769506862,-30.681097,-31.751097,-31.951097,-30.681097,-28.921097,2.6327357061455823,2.6327417986289667,6.931329378248087,-9.23515032615523,-8.914471,-8.33447,-11.36446,-8.914471,-6.964469,4.3078943592017716,4.307904328214136,18.55803970104608
0.13340385823280562,0.074,0.052,-0.177,0.074,0.339,0.6325670365967646,0.6325684973337445,0.4001429038190716,8.73341612477139,8.746,9.004,8.509,8.746,8.983,0.5835945010193812,0.5835958486679617,0.3405841145824784,3.560198661580241,3.78,3.881,3.234,3.78,4.319,1.4902376638307615,1.4902411051186228,2.2208185513851744,-0.0008157530343056663,0.000405,0.001658,-0.012428,0.000405,0.030107,0.1702905058238082,0.17029089906219214,0.028998990303409706,-0.0010882614259851103,-0.000123,0.004705,-0.027971,-0.000123,0.019749,0.1521966781617621,0.1521970296175022,0.023163935824390844,-0.0005070656647761909,-0.000331,-0.000832,-0.013143,-0.000331,0.007997,0.09071414060261239,0.09071435008159584,0.008229093310726326,-10.96260858811027,-10.85354,-10.373521,-12.436628,-10.85354,-9.49353,3.462297508373528,3.4623055035830688,11.987559400141608,-35.73909614001681,-36.23142,-37.40142,-37.31142,-36.23142,-34.28142,2.0064326309190803,2.0064372642151143,4.025790495231032,0.5194448535131025,-0.6424904,-0.80366135,-2.6924849,-0.6424904,1.7282248,6.357083972809724,6.35709865272048,40.41270328042054
0.48639927507480707,0.404,0.26,0.009,0.404,0.878,0.7762068994724982,0.7762085035023746,0.6024996409093958,9.0934595711617,9.177,9.234,8.997,9.177,9.299,0.4280660667421499,0.4280669513397496,0.18324131482930753,2.72929041230637,2.624,2.537,2.214,2.624,3.112,0.9186236174276992,0.9186255157614146,0.8438728382079249,0.0002557236770321881,0.000429,0.000696,-0.004501,0.000429,0.009961,0.1446324163893441,0.14463271527191923,0.020918622326928062,-0.0013243801352311989,-0.00022,0.0,-0.011207,-0.00022,0.004818,0.17987863208073082,0.1798790037995344,0.032356456007912905,0.0003141950726578386,-0.000224,0.0,-0.005014,-0.000224,0.004658,0.15662622145536464,0.156626545123112,0.024531874637202238,9.21895466758297,10.10983,11.089838,7.279825,10.10983,11.669838,3.824196459239823,3.824204361933522,14.624539001831378,-32.92943766424474,-32.999485,-34.634975,-34.534973,-32.999485,-31.629484,2.244096469415216,2.244101106835709,5.035989777701254,-24.626484436355526,-28.661692,-14.229178,-31.691706,-28.661692,-14.819193,9.133841818116833,9.133860693181164,83.42741116243991
0.16521550500499887,-0.198,-0.306,-0.773,-0.198,1.316,1.4848429810173485,1.4848521446501166,2.2047858914720506,6.014540206618201,6.024,6.268,5.528,6.024,6.577,0.9160926146093449,0.9160982682282186,0.8392360370507411,7.212909650822646,7.314,7.601,6.502,7.314,8.011,1.3648286429292926,1.364837065899691,1.8627802164536773,0.005443556079438155,0.002409,0.003447,-0.086025,0.002409,0.104732,0.24112929563618404,0.2411307837533406,0.05814405487350031,0.002230811266493045,-0.000609,0.002086,-0.121135,-0.000609,0.133183,0.3170927997803925,0.31709475670244264,0.1005490847281813,0.0009645084733210732,0.001291,-0.002055,-0.082049,0.001291,0.098291,0.2724493464906049,0.27245102789785886,0.07422956260259986,-19.247019668707342,-17.317533,-17.227531,-25.717522,-17.317533,-15.267527,6.176143905404569,6.176182021161855,38.14522435852294,-23.269680347142273,-23.577477,-23.477476,-25.237476,-23.577477,-21.717474,3.083341947986674,3.0833609766743337,9.507114912478102,-30.481361278122414,-31.734253,-32.22425,-33.00426,-31.734253,-29.094242,4.36886388270719,4.368890844927941,19.08720721489518
0.5328545835174805,0.476,0.483,0.023,0.476,0.95,0.8081643713159529,0.8081662511679941,0.6531326895269294,9.071754669582006,9.155,9.191,8.976,9.155,9.277,0.44612908606306345,0.4461301237933853,0.1990320873559013,2.7731713056221077,2.674,2.537,2.264,2.674,3.17,0.9468158686097617,0.9468180709757736,0.8964644595262851,0.0003462136214556539,0.000453,0.000696,-0.004575,0.000453,0.011853,0.15056936387775754,0.15056971411359582,0.022671238808249977,-0.0014057140657346883,-0.000256,0.0,-0.013292,-0.000256,0.00491,0.18478480442070105,0.18478523424426682,0.03414558279470856,0.00035394286245958454,-0.000242,0.0,-0.006939,-0.000242,0.004805,0.16517484735886928,0.16517523156817743,0.02728285712360104,8.848533317832594,9.619832,11.036861,6.7368627,9.619832,11.279821,3.890542147012722,3.890551196710849,15.136388614228217,-32.7929305331581,-32.799484,-32.119484,-34.534973,-32.799484,-31.529486,2.327333337907382,2.3273387514624475,5.416505664058785,-25.911358838963213,-29.241693,-28.951681,-32.081688,-29.241693,-15.699196,8.881823560020022,8.881844219819863,78.88715674514752
0.49646841364668703,0.498,0.426,0.189,0.498,0.835,0.5333526186665655,0.5333559103469507,0.2844685271020246,9.575649340870939,9.601,9.601,9.5,9.601,9.694,0.277244749222991,0.27724646028818695,0.07686559974232923,0.7586620050360422,0.663,0.562,0.239,0.663,1.151,0.8753643292750544,0.8753697317414374,0.7662721672490761,-0.000522778352424212,0.000938,-0.002862,-0.0043,0.000938,0.029683,0.14504129583253025,0.14504219098064025,0.02103723716446452,-0.0023654805964253966,-0.000389,-0.001486,-0.01795,-0.000389,0.004916,0.11342957123822829,0.11343027128896714,0.012866426444688682,-0.0011177498642243502,-0.000195,0.002841,-0.009194,-0.000195,0.00496175,0.09752507827343934,0.09752568016677593,0.009511258291992272,15.66025218718278,15.551222,14.671219,13.991224,15.551222,17.311214,2.343889605341727,2.3439040710725947,5.493886294390682,-36.28154404959514,-36.55417,-37.23417,-37.23417,-36.55417,-35.67417,1.480901502876619,1.4809106425231848,2.193096331138432,-20.864684297157346,-21.35024,-22.330236,-23.010231,-21.35024,-18.03024,3.2705975435478276,3.270617728621277,10.696940326771802
-1.5532929330322438,-1.369,-1.197,-1.886,-1.369,-0.967,1.0931764672602997,1.0931832120781313,1.1950495351694606,5.767309443601229,5.98,6.268,5.557,5.98,6.34,1.2201440645515507,1.220151592750053,1.4887699092904911,7.3785257592023585,7.364,7.4,6.84,7.364,7.81,1.2539460316257078,1.2539537683798432,1.5724000532340094,5.6693147743677624e-05,0.00122,-0.003091,-0.022533,0.00122,0.063479,0.2844177161892754,0.2844194710255175,0.08089443549843521,0.0040491033329631415,0.000688,0.002091,-0.026499,0.000688,0.043051,0.1973296067546359,0.1973308242636934,0.03893945420458864,-0.0028275174422191787,0.000774,-0.001441,-0.027237,0.000774,0.04737,0.20818999754718884,0.20819128206405307,0.04334360992747411,-24.913916067302,-26.269281,-26.75929,-27.929283,-26.269281,-23.929287,5.3372400473908685,5.337272977766633,28.486482839197894,-21.664032647714357,-21.929955,-21.729958,-23.299957,-21.929955,-20.65996,3.6837678409929513,3.683790569567674,13.570312960435727,-34.61950201295672,-34.553886,-35.043907,-35.7239,-34.553886,-33.2839,2.679656116414944,2.6796726496947003,7.180645509521817
0.660701979185466,0.627,0.433,0.339,0.627,0.95,0.5423031961593499,0.5423044509200806,0.2940941174877301,9.237151717499849,9.277,9.342,9.098,9.277,9.428,0.3065279200818544,0.30652862931462255,0.09395980058950129,2.3560708193929636,2.315,2.322,1.726,2.315,2.933,0.9592610100173452,0.9592632295193773,0.9201859435079455,0.0012024147127011223,0.000596,-0.002689,-0.017993,0.000596,0.030768,0.12402013256690325,0.12402041952001965,0.01538106445792167,-0.0017308522529026038,-0.000104,0.002923,-0.046851,-0.000104,0.042411,0.17711560981947277,0.17711601962290668,0.03137008440706186,-0.0005551464837875233,-0.000262,0.004853,-0.019366,-0.000262,0.017338,0.09086904475046957,0.0908692549998463,0.008257221504227091,13.51520339336221,13.802981,14.582979,12.332975,13.802981,14.87298,2.315629406538985,2.315634764355179,5.362164361890264,-40.01386634409229,-39.852386,-39.262386,-41.122387,-39.852386,-38.872383,1.771163293310818,1.7711673913618047,3.1370339282233806,-15.939356002219041,-15.913939,-15.623951,-17.573952,-15.913939,-14.253926,2.902942712069976,2.9029494287895976,8.427115386109852
0.724783146037706,0.706,0.742,0.411,0.706,1.0,0.5311693640804865,0.5311707685900475,0.2821423854045418,9.230530172664533,9.277,9.313,9.083,9.277,9.428,0.31536878140727626,0.31536961530037827,0.09945799425470857,2.3527503953039477,2.322,1.604,1.661,2.322,2.99,1.0070802672904977,1.0070829301960789,1.01421602829232,0.0015469009492583088,0.000755,-0.003612,-0.023154,0.000755,0.036421,0.12994616737146353,0.1299465109730468,0.016886095714068173,-0.0017097419974087089,-9e-05,-0.002886,-0.055905,-9e-05,0.051663,0.18652998694209647,0.18653048016171297,0.03479362002935919,-0.0006316398476956028,-0.000303,0.001149,-0.023158,-0.000303,0.021624,0.09534688112483165,0.09534713323953406,0.00909107581699746,13.187237034190115,13.512981,13.802981,12.042975,13.512981,14.482975,2.225261146583099,2.2252670305831326,4.951813357400272,-40.20077434066474,-40.052383,-39.562386,-41.412388,-40.052383,-39.072388,1.772658650081058,1.7726633373167886,3.1423353074670946,-16.014094079843638,-16.103935,-16.013931,-17.773937,-16.103935,-14.253926,3.0318094843564176,3.0318175010187023,9.19191735948329
-0.24351548896350736,-0.011,0.39,-1.541,-0.011,0.814,1.5234254633880064,1.5234289815575528,2.3208358618494827,5.727671413197602,5.815,6.268,5.413,5.815,6.189,0.8218667760998782,0.8218686741032478,0.6754681174722306,7.495514930095285,7.508,7.53,7.113,7.508,7.867,0.8425495924210645,0.8425515381889335,0.7098930945045377,-0.0013473373531816225,0.000445,0.002343,-0.0049905,0.000445,0.019653499999999997,0.17472926184808732,0.17472966536449341,0.030530455958387846,-0.0013257177161226557,0.000113,0.000836,-0.00855,0.000113,0.013646,0.1499116619637825,0.14991200816689937,0.022473610192632505,0.0002951715448318541,0.000351,0.003558,-0.005689,0.000351,0.018311,0.1653518885797284,0.1653522704402085,0.027341373339731852,-24.06920356746962,-25.64318,-27.21317,-29.263174,-25.64318,-17.933178,7.045427310473068,7.04544358104777,49.63827525372722,-26.388793911883667,-26.679367,-26.77937,-28.729366,-26.679367,-24.139366,4.583822757255883,4.5838333430482425,21.01152811684083,-42.34114103149523,-42.330563,-41.93057,-44.080578,-42.330563,-40.570557,2.631157606476452,2.631163682821364,6.923022325798082
0.6397639855537457,0.605,0.476,0.339,0.605,0.907,0.525712891789966,0.5257139730265227,0.2763751814353314,9.2373799216809,9.277,9.313,9.098,9.277,9.421,0.29763183453114894,0.2976324466721577,0.08858507331205481,2.364200018098952,2.336,2.322,1.747,2.336,2.933,0.939401306817542,0.9394032388893062,0.882478445235719,0.0008018393553482396,0.000582,-0.002689,-0.016592,0.000582,0.029307,0.12259586518650056,0.1225961173300816,0.015029807984411137,-0.001180566312091744,-4.5e-05,0.001532,-0.042332,-4.5e-05,0.040055,0.1734247019941705,0.173425058677696,0.030076250977362298,-0.0005390027847705548,-0.000274,0.004853,-0.017775,-0.000274,0.015161,0.08786455370088558,0.08786473441238987,0.007720211553359809,13.58603187090174,13.802981,14.582979,12.432981,13.802981,14.87298,2.24196175357353,2.2419663646284316,5.026413180125226,-39.82786684424207,-39.652386,-39.072388,-40.922386,-39.652386,-38.682384,1.7934875381359074,1.7934912268114573,3.2166107806496664,-16.063922217067443,-16.013931,-16.013931,-17.773937,-16.013931,-14.443946,2.8555001819482784,2.855506054870995,8.153914829404913
0.6883848137500463,0.691,0.548,0.483,0.691,0.921,0.5025445660908919,0.5025476664475778,0.25255415705190587,9.314321566498453,9.364,9.378,9.249,9.364,9.464,0.3227259104379886,0.32272790143640273,0.10415329836554447,2.0892000444186705,1.984,1.948,1.661,1.984,2.351,0.788198738043316,0.7882036006911131,0.6212649161424356,-0.0006710375214381784,8.7e-05,0.000823,-0.003922,8.7e-05,0.004153,0.11968451424403133,0.11968525261572802,0.014324559693690632,0.0013124619048206592,-7.9e-05,-0.004144,-0.004116,-7.9e-05,0.003917,0.10459768212094245,0.10459832741719072,0.010940810098473832,-4.098609448844653e-07,8.5e-05,-0.00298,-0.003905,8.5e-05,0.003926,0.1006062815216271,0.10060690219366018,0.010121748769004705,19.830235179414412,19.864845,20.454836,18.89484,19.864845,20.744837,2.0825113247247824,2.0825241723970973,4.336906928618215,-36.04337703337569,-36.22268,-36.132675,-36.712677,-36.22268,-35.742676,1.305512852001505,1.305520906124009,1.7043848363268537,-22.83489457602379,-22.567726,-22.367716,-23.737717,-22.567726,-21.587706,2.3829926620178363,2.3830073634547446,5.6787240942795325
0.35196288342422494,0.268,0.225,-0.141,0.268,0.706,0.9140942151496547,0.9140966327199698,0.8355726539499873,9.360732614663611,9.486,9.622,9.263,9.486,9.637,0.5760970499134743,0.5760985735585246,0.3318895664561668,1.3925436623592324,1.23,0.397,0.411,1.23,2.236,1.5640429805445772,1.5640471170808536,2.4462433844489295,0.0018593989463272203,0.002323,0.003779,-0.040549,0.002323,0.07757,0.23393280057816015,0.23393341927696057,0.05472484465461023,-0.004927306728800919,-0.000374,-0.002176,-0.079155,-0.000374,0.066256,0.2291050586980499,0.22910566462857626,0.052489405564901656,-7.712638783833063e-05,-0.000452,-0.002595,-0.029134,-0.000452,0.02534,0.17195688034250123,0.171957335129155,0.02956932510472053,13.793216172306746,14.514041,15.4840355,11.774039,14.514041,16.364038,4.139044973942293,4.139055920770416,17.131783915264638,-30.324087016241478,-31.071096,-31.751097,-32.041096,-31.071096,-29.021095,2.711997541565193,2.7120047141789585,7.354969569728895,-9.294918050968247,-9.014463,-8.33447,-11.454463,-9.014463,-7.0644617,4.464520379805422,4.464532187441618,19.932047652702234
0.1071529175050302,0.045,0.052,-0.184,0.045,0.296,0.6126222695175427,0.612623527317724,0.37530758622321003,8.726348449882972,8.739,8.588,8.523,8.739,8.954,0.5586055640730417,0.5586067109692854,0.3120414575399227,3.605405913029196,3.794,3.672,3.292,3.794,4.297,1.4241945662388806,1.4241974903117924,2.028338491410408,-0.0006941564037284937,0.000389,0.001658,-0.004955,0.000389,0.021156,0.16216051849748728,0.16216085143597106,0.026296141738439076,-0.0010942068656838995,-0.000123,0.000346,-0.017968,-0.000123,0.010024,0.14490999524098255,0.1449102927617018,0.020998992948282127,-0.0004160856116289572,-0.000331,0.0032,-0.008697,-0.000331,0.004855,0.08740750447844779,0.08740768393841919,0.007640103211478584,-10.767062082153279,-10.663533,-10.373521,-12.147654,-10.663533,-9.116613,3.364237740714701,3.364244647970689,11.318142051399425,-35.498648922900664,-35.841415,-33.543068,-37.11459,-35.841415,-33.74307,2.0178437403693406,2.0178478832879847,4.0717100800898,0.5201767579512628,-0.5136728,-0.80366135,-2.4924755,-0.5136728,1.9975185,6.050613038151293,6.050625460915782,36.61006846828232
-0.11890096972443549,-0.112,-0.04,-0.931,-0.112,0.612,1.1540116642422105,1.1540143325235432,1.3317490796697589,5.9920997655458805,6.045,6.268,5.564,6.045,6.505,0.8098724989611945,0.8098743715312368,0.6558964976631156,7.363677785125342,7.386,7.422,6.912,7.386,7.831,0.8075928327711996,0.8075947000702459,0.6522091995815504,0.0006253414151410199,0.000239,0.004775,-0.003985,0.000239,0.004405,0.11695966085097947,0.11695993128263055,0.01367962552563766,-7.935542227175341e-05,0.000124,0.001527,-0.004158,0.000124,0.00435,0.1117460346819808,0.11174629305879584,0.012487234012382284,0.0006811581709804063,0.000246,-0.003107,-0.003992,0.000246,0.004467,0.10563467646248806,0.10563492070875005,0.01115873647314391,-24.702203154208387,-25.31234,-22.254026,-30.75403,-25.31234,-20.404016,6.602908631224389,6.602923898329903,43.59860400713615,-33.328250664295894,-33.594315,-33.794315,-34.8404,-33.594315,-32.224316,2.943128374445656,2.94313517948476,8.662044684720788,-32.7152213646617,-33.08809,-33.20128,-34.771286,-33.08809,-30.938076,3.9136042079362054,3.9136132568889805,15.316368724497172
0.16878294176915562,0.117,-0.141,-0.478,0.117,0.878,1.2727619229579434,1.2727630538148524,1.6199257911561091,7.945115447015778,9.026,9.637,6.275,9.026,9.522,1.7678822916312136,1.7678838624056592,3.125413350954352,3.9440785225227146,2.918,7.113,1.194,2.918,7.055,3.0849669422844697,3.084969683296845,9.517037946860635,0.0007216339394714822,0.001171,0.001055,-0.03443,0.001171,0.056904,0.2056725460284778,0.2056727287698181,0.042301271359623166,-0.002089351202946993,-6.9e-05,-0.000703,-0.05542,-6.9e-05,0.051839,0.20206396198407414,0.20206414151916502,0.040829917287877146,0.0016150617422162519,0.00012,0.000294,-0.028835,0.00012,0.031841,0.16845426058598703,0.16845441025864855,0.028376888335589073,-1.88048460666022,9.824038,15.4840355,-21.637035,9.824038,15.4840355,19.67397165813736,19.67398913858392,387.0658486251181,-26.843579168560595,-28.531096,-30.381096,-30.581097,-28.531096,-23.464817,4.951249103919937,4.951253503135656,24.51491125231311,-19.899564093714385,-13.80446,-33.660686,-33.760704,-13.80446,-8.33447,13.020116866206749,13.020128434661816,169.52374445508914
